feature,mean_permutation_importance
slope_d-e,0.13525495906267168
c/a,0.11445154608493273
e/a,0.09134605164002677
slope_a-e,0.05574389941811477
AGI_mod,0.05311707069736241
Max Start Datum Diff.,0.026080937835077762
Width Ratio,0.015877831527010867
slope_a-c,0.009765597323228094
Variance,0.006355111597731375
b/a,0.006212320397228412
Length-Height Ratio,0.004837242616131639
t_a-b,0.004473608217486757
d/a,0.004304373758298647
slope_c-e,0.004234193160556293
AUC Ratio,0.004044674564619239
SI,0.003991408121406392
AUC,0.002983997684363311
Rise Time,0.001946198256130145
Diastolic Width,0.0016360194858670196
Max End Datum Diff.,0.0014859251840791464
Med. End Datum Diff.,0.0011164914331485542
D-AUC,0.0008832920059216543
slope_a-b,0.0005832784027887539
RI,0.0005246526351060176
Kurtosis,0.0004696738618837304
AGI_int,0.0004501212681270528
Med. Start Datum Diff.,0.0004174206396703894
PIR (Peak-to-Instantaneous Ratio; Δt=10 ms),0.00038137621368842026
Downslope,0.0003489423472900155
t_a-e,0.00026165157840719373
t_b-c,0.00026138052277271837
slope_b-c,0.00023451624425775198
t_a-c,0.00023285060255714198
Decay Time,0.00020837746763321176
Slope Ratio,0.00020415983966757032
End Datum Area,0.00018237735182096592
slope_b-d,0.0001653669027014648
Pulse Width,0.00013740576500965052
t_b-d,0.00013598741890167744
t_c-d,0.0001296370917895584
S-AUC,0.00012478600920335704
t_a-d,0.00012115054945823988
Onset-End Slope,0.0001197498113536688
slope_b-e,0.00010860502359768542
Datum Area Ratio,8.059065044802027e-05
Downslope Length,7.543594369733731e-05
Rise–Decay Time Ratio,7.412582555802904e-05
Slope Length Ratio,6.281602123752616e-05
t_d-e,5.2132617487887775e-05
t_b-e,4.7825495257645126e-05
t_c-e,4.520330251950311e-05
Skew,4.305845965593358e-05
slope_a-d,3.3768027705172174e-05
Start Datum Area,1.420249406949958e-05
Downslope Length Ratio,8.505679715926638e-06
Systolic Width,2.9917588987737884e-06
Upslope Length Ratio,0.0
Half peak-to-peak amplitude (0.5H),0.0
Upslope Length,0.0
Upslope,0.0
