Subject Number,Reason
79,Missing/nonfinite fiducials or invalid age.
81,Missing/nonfinite fiducials or invalid age.
85,Missing/nonfinite fiducials or invalid age.
89,Missing/nonfinite fiducials or invalid age.
113,Missing/nonfinite fiducials or invalid age.
117,Missing/nonfinite fiducials or invalid age.
145,Missing/nonfinite fiducials or invalid age.
149,Missing/nonfinite fiducials or invalid age.
177,Missing/nonfinite fiducials or invalid age.
458,Missing/nonfinite fiducials or invalid age.
462,Missing/nonfinite fiducials or invalid age.
464,Missing/nonfinite fiducials or invalid age.
468,Missing/nonfinite fiducials or invalid age.
471,Missing/nonfinite fiducials or invalid age.
474,Missing/nonfinite fiducials or invalid age.
478,Missing/nonfinite fiducials or invalid age.
488,Missing/nonfinite fiducials or invalid age.
497,Missing/nonfinite fiducials or invalid age.
506,Missing/nonfinite fiducials or invalid age.
673,Missing/nonfinite fiducials or invalid age.
676,Missing/nonfinite fiducials or invalid age.
679,Missing/nonfinite fiducials or invalid age.
682,Missing/nonfinite fiducials or invalid age.
685,Missing/nonfinite fiducials or invalid age.
688,Missing/nonfinite fiducials or invalid age.
694,Missing/nonfinite fiducials or invalid age.
697,Missing/nonfinite fiducials or invalid age.
706,Missing/nonfinite fiducials or invalid age.
714,Missing/nonfinite fiducials or invalid age.
723,Missing/nonfinite fiducials or invalid age.
906,Missing/nonfinite fiducials or invalid age.
916,Missing/nonfinite fiducials or invalid age.
930,Missing/nonfinite fiducials or invalid age.
939,Missing/nonfinite fiducials or invalid age.
948,Missing/nonfinite fiducials or invalid age.
1126,Missing/nonfinite fiducials or invalid age.
1331,Missing/nonfinite fiducials or invalid age.
1340,Missing/nonfinite fiducials or invalid age.
1349,Missing/nonfinite fiducials or invalid age.
1568,Missing/nonfinite fiducials or invalid age.
4369,Missing/nonfinite fiducials or invalid age.
